{
    "name": "root",
    "metadata": {
        "timer_format_version": "0.1.0",
        "start_time_seconds": "1741374744",
        "python_version": "3.9.13 (tags/v3.9.13:6de2ca5, May 17 2022, 16:36:42) [MSC v.1929 64 bit (AMD64)]",
        "command_line_arguments": "C:\\Users\\chook\\Desktop\\Unity\\tag but fake\\venv\\Scripts\\mlagents-learn --force --run-id=tag",
        "mlagents_version": "0.30.0",
        "mlagents_envs_version": "0.30.0",
        "communication_protocol_version": "1.5.0",
        "pytorch_version": "2.6.0+cpu",
        "numpy_version": "1.21.2",
        "end_time_seconds": "1741374752"
    },
    "total": 7.2373248,
    "count": 1,
    "self": 0.004369100000000792,
    "children": {
        "run_training.setup": {
            "total": 0.020559100000000052,
            "count": 1,
            "self": 0.020559100000000052
        },
        "TrainerController.start_learning": {
            "total": 7.212396599999999,
            "count": 1,
            "self": 0.0010961999999983263,
            "children": {
                "TrainerController._reset_env": {
                    "total": 5.335832,
                    "count": 1,
                    "self": 5.335832
                },
                "TrainerController.advance": {
                    "total": 1.7276991000000024,
                    "count": 59,
                    "self": 0.0010978000000001487,
                    "children": {
                        "env_step": {
                            "total": 1.7200894999999994,
                            "count": 59,
                            "self": 1.5568440000000026,
                            "children": {
                                "SubprocessEnvManager._take_step": {
                                    "total": 0.16276679999999644,
                                    "count": 59,
                                    "self": 0.005173099999998598,
                                    "children": {
                                        "TorchPolicy.evaluate": {
                                            "total": 0.15759369999999784,
                                            "count": 114,
                                            "self": 0.15759369999999784
                                        }
                                    }
                                },
                                "workers": {
                                    "total": 0.00047870000000038715,
                                    "count": 58,
                                    "self": 0.0,
                                    "children": {
                                        "worker_root": {
                                            "total": 2.5843402000000006,
                                            "count": 58,
                                            "is_parallel": true,
                                            "self": 1.1514098999999955,
                                            "children": {
                                                "steps_from_proto": {
                                                    "total": 0.0011231999999994358,
                                                    "count": 2,
                                                    "is_parallel": true,
                                                    "self": 0.0002703000000003897,
                                                    "children": {
                                                        "_process_rank_one_or_two_observation": {
                                                            "total": 0.0008528999999990461,
                                                            "count": 12,
                                                            "is_parallel": true,
                                                            "self": 0.0008528999999990461
                                                        }
                                                    }
                                                },
                                                "UnityEnvironment.step": {
                                                    "total": 1.4318071000000057,
                                                    "count": 58,
                                                    "is_parallel": true,
                                                    "self": 0.01966610000000113,
                                                    "children": {
                                                        "UnityEnvironment._generate_step_input": {
                                                            "total": 0.014107400000003878,
                                                            "count": 58,
                                                            "is_parallel": true,
                                                            "self": 0.014107400000003878
                                                        },
                                                        "communicator.exchange": {
                                                            "total": 1.3405919999999991,
                                                            "count": 58,
                                                            "is_parallel": true,
                                                            "self": 1.3405919999999991
                                                        },
                                                        "steps_from_proto": {
                                                            "total": 0.057441600000001536,
                                                            "count": 116,
                                                            "is_parallel": true,
                                                            "self": 0.013455200000009881,
                                                            "children": {
                                                                "_process_rank_one_or_two_observation": {
                                                                    "total": 0.043986399999991654,
                                                                    "count": 696,
                                                                    "is_parallel": true,
                                                                    "self": 0.043986399999991654
                                                                }
                                                            }
                                                        }
                                                    }
                                                }
                                            }
                                        }
                                    }
                                }
                            }
                        },
                        "trainer_advance": {
                            "total": 0.006511800000002843,
                            "count": 116,
                            "self": 0.0013777000000017026,
                            "children": {
                                "process_trajectory": {
                                    "total": 0.0051341000000011405,
                                    "count": 116,
                                    "self": 0.0051341000000011405
                                }
                            }
                        }
                    }
                },
                "trainer_threads": {
                    "total": 6.99999999298484e-07,
                    "count": 1,
                    "self": 6.99999999298484e-07
                },
                "TrainerController._save_models": {
                    "total": 0.14776859999999914,
                    "count": 1,
                    "self": 0.02831710000000065,