{
    "name": "root",
    "gauges": {
        "Tagger.Policy.Entropy.mean": {
            "value": 1.1800463199615479,
            "min": 1.1781134605407715,
            "max": 1.3912546634674072,
            "count": 64
        },
        "Tagger.Policy.Entropy.sum": {
            "value": 58737.984375,
            "min": 51175.91015625,
            "max": 69585.1796875,
            "count": 64
        },
        "Tagger.Environment.EpisodeLength.mean": {
            "value": 165.90333333333334,
            "min": 121.25862068965517,
            "max": 176.63571428571427,
            "count": 64
        },
        "Tagger.Environment.EpisodeLength.sum": {
            "value": 49771.0,
            "min": 35165.0,
            "max": 50572.0,
            "count": 64
        },
        "Tagger.Step.mean": {
            "value": 3649943.0,
            "min": 499959.0,
            "max": 3649943.0,
            "count": 64
        },
        "Tagger.Step.sum": {
            "value": 3649943.0,
            "min": 499959.0,
            "max": 3649943.0,
            "count": 64
        },
        "Tagger.Policy.ExtrinsicValueEstimate.mean": {
            "value": 16.854631423950195,
            "min": 4.4165143966674805,
            "max": 34.097862243652344,
            "count": 64
        },
        "Tagger.Policy.ExtrinsicValueEstimate.sum": {
            "value": 16955.759765625,
            "min": 4451.8466796875,
            "max": 34541.1328125,
            "count": 64
        },
        "Tagger.Environment.CumulativeReward.mean": {
            "value": 29.85504518918693,
            "min": 14.997168033016159,
            "max": 67.05902099715811,
            "count": 64
        },
        "Tagger.Environment.CumulativeReward.sum": {
            "value": 8956.51355675608,
            "min": 4559.139082036912,
            "max": 25817.723083905876,
            "count": 64
        },
        "Tagger.Policy.ExtrinsicReward.mean": {
            "value": 29.85504518918693,
            "min": 14.997168033016159,
            "max": 67.05902099715811,
            "count": 64
        },
        "Tagger.Policy.ExtrinsicReward.sum": {
            "value": 8956.51355675608,
            "min": 4559.139082036912,
            "max": 25817.723083905876,
            "count": 64
        },
        "Tagger.Losses.PolicyLoss.mean": {
            "value": 0.023307299644220618,
            "min": 0.02063181740231812,
            "max": 0.02757011713925749,
            "count": 64
        },
        "Tagger.Losses.PolicyLoss.sum": {
            "value": 0.1165364982211031,
            "min": 0.07330956895214816,
            "max": 0.13785058569628744,
            "count": 64
        },
        "Tagger.Losses.ValueLoss.mean": {
            "value": 105.8733327992757,
            "min": 77.28856299082437,
            "max": 323.2715831502279,
            "count": 64
        },
        "Tagger.Losses.ValueLoss.sum": {
            "value": 529.3666639963785,
            "min": 342.6927135467529,
            "max": 1616.3579157511394,
            "count": 64
        },
        "Tagger.Policy.LearningRate.mean": {
            "value": 0.00024556180514607095,
            "min": 0.00024556180514607095,
            "max": 0.0002927383274205583,
            "count": 64
        },
        "Tagger.Policy.LearningRate.sum": {
            "value": 0.0012278090257303548,
            "min": 0.0008782149822616749,
            "max": 0.00146061079312974,
            "count": 64
        },
        "Tagger.Policy.Epsilon.mean": {
            "value": 0.18185392899999997,
            "min": 0.18185392899999997,
            "max": 0.19757944166666666,
            "count": 64
        },
        "Tagger.Policy.Epsilon.sum": {
            "value": 0.9092696449999998,
            "min": 0.592738325,
            "max": 0.9868702600000002,
            "count": 64
        },
        "Tagger.Policy.Beta.mean": {
            "value": 0.0040945110571,
            "min": 0.0040945110571,
            "max": 0.0048792141391666675,
            "count": 64
        },
        "Tagger.Policy.Beta.sum": {
            "value": 0.020472555285500002,
            "min": 0.014637642417500003,
            "max": 0.024344825974000006,
            "count": 64
        },
        "Tagger.IsTraining.mean": {
            "value": 1.0,
            "min": 1.0,
            "max": 1.0,
            "count": 64
        },
        "Tagger.IsTraining.sum": {
            "value": 1.0,
            "min": 1.0,
            "max": 1.0,
            "count": 64
        },
        "Runner.Policy.Entropy.mean": {
            "value": 1.400369644165039,
            "min": 1.3461189270019531,
            "max": 1.4239871501922607,
            "count": 64
        },
        "Runner.Policy.Entropy.sum": {
            "value": 70063.296875,
            "min": 52471.078125,
            "max": 71110.4375,
            "count": 64
        },
        "Runner.Environment.EpisodeLength.mean": {
            "value": 69.53586497890295,
            "min": 60.63267813267813,
            "max": 72.98222222222222,
            "count": 64
        },
        "Runner.Environment.EpisodeLength.sum": {
            "value": 49440.0,
            "min": 35766.0,
            "max": 49545.0,
            "count": 64
        },
        "Runner.Step.mean": {
            "value": 3649983.0,
            "min": 499983.0,
            "max": 3649983.0,
            "count": 64
        },
        "Runner.Step.sum": {
            "value": 3649983.0,
            "min": 499983.0,
            "max": 3649983.0,
            "count": 64
        },
        "Runner.Policy.ExtrinsicValueEstimate.mean": {
            "value": -11.262052536010742,
            "min": -37.01081848144531,
            "max": -9.98947811126709,
            "count": 64
        },
        "Runner.Policy.ExtrinsicValueEstimate.sum": {
            "value": -14899.6953125,
            "min": -51185.9609375,
            "max": -13066.2373046875,
            "count": 64
        },
        "Runner.Environment.CumulativeReward.mean": {
            "value": -17.85237678562706,
            "min": -37.94980349470415,
            "max": -13.308740594298751,
            "count": 64
        },
        "Runner.Environment.CumulativeReward.sum": {
            "value": -12693.039894580841,
            "min": -30891.14004468918,
            "max": -8983.399901151657,
            "count": 64
        },
        "Runner.Policy.ExtrinsicReward.mean": {
            "value": -17.85237678562706,
            "min": -37.94980349470415,
            "max": -13.308740594298751,
            "count": 64
        },
        "Runner.Policy.ExtrinsicReward.sum": {
            "value": -12693.039894580841,
            "min": -30891.14004468918,
            "max": -8983.399901151657,
            "count": 64
        },
        "Runner.Losses.PolicyLoss.mean": {
            "value": 0.02433195684279781,
            "min": 0.02028501024780174,
            "max": 0.028350999659548203,
            "count": 64
        },
        "Runner.Losses.PolicyLoss.sum": {
            "value": 0.12165978421398904,
            "min": 0.06753574998971695,
            "max": 0.14175499829774102,
            "count": 64
        },
        "Runner.Losses.ValueLoss.mean": {
            "value": 47.9760218556722,
            "min": 31.605957523981733,
            "max": 143.81528676350914,
            "count": 64
        },
        "Runner.Losses.ValueLoss.sum": {
            "value": 239.880109278361,
            "min": 126.42383009592693,
            "max": 719.0764338175456,
            "count": 64
        },
        "Runner.Policy.LearningRate.mean": {
            "value": 0.000245589765136751,
            "min": 0.000245589765136751,
            "max": 0.00029273761742079505,
            "count": 64
        },
        "Runner.Policy.LearningRate.sum": {
            "value": 0.0012279488256837548,
            "min": 0.0008782128522623852,