{"count":1,"self":447.9645184,"total":2081.2730799,"children":{"InitializeActuators":{"count":16,"self":0.0020058,"total":0.0020058,"children":null},"InitializeSensors":{"count":16,"self":0.0020104,"total":0.0020104,"children":null},"AgentSendState":{"count":578967,"self":136.7263872,"total":208.0946186,"children":{"CollectObservations":{"count":1852704,"self":5.5982743999999993,"total":5.5982746,"children":null},"WriteActionMask":{"count":1852704,"self":2.706166,"total":2.706166,"children":null},"RequestDecision":{"count":1852704,"self":11.6951784,"total":63.0637912,"children":{"AgentInfo.ToProto":{"count":1852704,"self":7.5863624,"total":51.3686128,"children":{"GenerateSensorData":{"count":1852704,"self":27.0821568,"total":43.7822507,"children":{"RayPerceptionSensor.Perceive":{"count":1852704,"self":16.700094399999998,"total":16.700094699999998,"children":null}}}}}}}}},"DecideAction":{"count":578967,"self":1392.4405248,"total":1392.4405116,"children":null},"AgentAct":{"count":578967,"self":32.634656,"total":32.634657499999996,"children":null},"AgentInfo.ToProto":{"count":3288,"self":0.0266857,"total":0.13474819999999998,"children":{"GenerateSensorData":{"count":3288,"self":0.0659445,"total":0.10806249999999999,"children":{"RayPerceptionSensor.Perceive":{"count":3288,"self":0.042117999999999996,"total":0.042117999999999996,"children":null}}}}}},"gauges":{"Runner.CumulativeReward":{"count":1644,"max":100.109009,"min":-100.102,"runningAverage":76.3931656,"value":-100.0128,"weightedAverage":-14.7056284},"Tagger.CumulativeReward":{"count":1644,"max":100.102219,"min":-100.113647,"runningAverage":-76.39968,"value":100.029648,"weightedAverage":14.7005644}},"metadata":{"timer_format_version":"0.1.0","start_time_seconds":"1741448869","unity_version":"2021.3.24f1","command_line_arguments":"C:\\Program Files\\Unity\\Hub\\Editor\\2021.3.24f1\\Editor\\Unity.exe -projectpath C:\\Users\\chook\\Desktop\\Unity\\tag but fake -useHub -hubIPC -cloudEnvironment production -licensingIpc LicenseClient-escalator -hubSessionId fe4c060f-0277-4c8f-94f5-0f2f8c53ce3a -accessToken 6aw_d2POqa2tsJjSu9plKaZ4p3Q5U3RVtoG7Z0pC-GI008f","communication_protocol_version":"1.5.0","com.unity.ml-agents_version":"2.0.1","scene_name":"MainGame","end_time_seconds":"1741450950"}}